﻿Community,Street_Address,City,Region,Postal,Price,Bed/Bath,Area,Pet,URL
Staten Island Urby , 8 Navy Pier Ct , Staten Island , NY , 10304 ," $1,990+/month "," 0 - 2,1 - 2 ", 371+ , OK ," https://www.realtor.com/realestateandhomes-detail/8-Navy-Pier-Ct_Staten-Island_NY_10304_M37673-44279
"
Seaview Estates Apartments , 201 Hamilton Ave , Staten Island , NY , 10301 ," $1,295+/month "," 0 - 2,1 - 2 ", 420+ , OK ," https://www.realtor.com/realestateandhomes-detail/201-Hamilton-Ave-Ste-1E_Staten-Island_NY_10301_M37640-20273
"
No , 18 Nehring Ave , Staten Island , NY , 10314 ," $1,795/month "," 2,1 "," 1,500+ ", OK ," https://www.realtor.com/realestateandhomes-detail/18-Nehring-Ave_Staten-Island_NY_10314_M30054-56455
"
  , 150 Malone Ave , Staten Island , NY , 10306 ," $1,800/month "," 2,1 "," 1,000+ ", OK ," https://www.realtor.com/realestateandhomes-detail/150-Malone-Ave_Staten-Island_NY_10306_M46868-35769
"
  , 80 Bay Street Lndg , Staten Island , NY , 10301 ," $2,200/month "," 0,1 ", 932+ , OK ," https://www.realtor.com/realestateandhomes-detail/80-Bay-Street-Lndg_Staten-Island_NY_10301_M35615-01672
"
No , 868 Sheldon Ave # 1 , Staten Island , NY , 10309 ," $1,550/month "," 1,1 "," 1,000+ ", No ," https://www.realtor.com/realestateandhomes-detail/868-Sheldon-Ave-1_Staten-Island_NY_10309_M38671-75306
"
No , 70 Andros Ave # 1 , Staten Island , NY , 10303 ," $1,300/month "," 1,1 ", 700+ , No ," https://www.realtor.com/realestateandhomes-detail/70-Andros-Ave-1_Staten-Island_NY_10303_M42919-79934
"
  , 43 Vedder Ave , Staten Island , NY , 10314 ," $2,300/month "," 3,1 "," 1,200+ ", No ," https://www.realtor.com/realestateandhomes-detail/43-Vedder-Ave_Staten-Island_NY_10314_M38989-93331
"
No , 28 Nunzie Ct , Staten Island , NY , 10303 ," $1,900/month "," 3,1 "," 1,200+ ", No ," https://www.realtor.com/realestateandhomes-detail/28-Nunzie-Ct_Staten-Island_NY_10303_M44022-22102
"
No , 251 Cambridge Ave Unit A , Staten Island , NY , 10314 ," $2,800/month "," 3,2 "," 2,600 ", No ," https://www.realtor.com/realestateandhomes-detail/251-Cambridge-Ave-A_Staten-Island_NY_10314_M43987-13262
"
No , 131 Bennett Ave Unit 1FL , Staten Island , NY , 10312 ," $3,000/month "," 3,3 "," 2,200 ", No ," https://www.realtor.com/realestateandhomes-detail/131-Bennett-Ave-1FL_Staten-Island_NY_10312_M33684-44494
"
No , 47 Suffolk Ave , Staten Island , NY , 10314 ," $2,650/month "," 3,2 "," 1,144 ", No ," https://www.realtor.com/realestateandhomes-detail/47-Suffolk-Ave_Staten-Island_NY_10314_M37280-55156
"
No , 104 Everton Pl , Staten Island , NY , 10312 ," $2,250/month "," 2,1+ "," 1,400 ", No ," https://www.realtor.com/realestateandhomes-detail/104-Everton-Ave_Staten-Island_NY_10312_M36418-27849
"
No , 10 Bay Street Lndg Apt 5L , Staten Island , NY , 10301 ," $2,000/month "," 0,1 "," 1,010 ", No ," https://www.realtor.com/realestateandhomes-detail/10-Bay-Street-Lndg-Apt-5L_Staten-Island_NY_10301_M39574-58854
"
No , 401 McClean Ave , Staten Island , NY , 10305 ," $2,390/month "," 2,2 "," 1,442 ", No ," https://www.realtor.com/realestateandhomes-detail/401-McClean-Ave_Staten-Island_NY_10305_M40141-24274
"
No , 401B McClean Ave , Staten Island , NY , 10305 ," $2,390/month "," 2,1+ ", No , No ," https://www.realtor.com/realestateandhomes-detail/401B-McClean-Ave_Staten-Island_NY_10305_M38714-37442
"
No , 249 Corona Ave Unit 1 , Staten Island , NY , 10306 ," $2,000/month "," 2,1+ "," 2,008 ", No ," https://www.realtor.com/realestateandhomes-detail/249-Corona-Ave-1_Staten-Island_NY_10306_M43669-40638
"
No , 251 Cambridge Ave Unit B , Staten Island , NY , 10314 ," $2,400/month "," 3,2 "," 2,600 ", No ," https://www.realtor.com/realestateandhomes-detail/251-Cambridge-Ave-B_Staten-Island_NY_10314_M43986-75996
"
No , 2136 S Railroad Ave Unit 2F , Staten Island , NY , 10306 ," $2,600/month "," 3,1+ ", No , No ," https://www.realtor.com/realestateandhomes-detail/2136-S-Railroad-Ave-F2_Staten-Island_NY_10306_M35196-31903
"
No , 174 Moreland St , Staten Island , NY , 10306 ," $1,750/month "," 2,1 ", 540 , No ," https://www.realtor.com/realestateandhomes-detail/174-Moreland-St_Staten-Island_NY_10306_M33152-14821
"
No , 76 Chestnut Ave , Staten Island , NY , 10305 ," $2,600/month "," 3,2+ "," 1,440 ", No ," https://www.realtor.com/realestateandhomes-detail/76-Chestnut-Ave_Staten-Island_NY_10305_M46192-20828
"
No , 19 Hodges Pl , Staten Island , NY , 10314 ," $1,650/month "," 2,1 ", 875 , No ," https://www.realtor.com/realestateandhomes-detail/19-Hodges-Pl_Staten-Island_NY_10314_M43373-75357
"
No , 44 Marisa Cir , Staten Island , NY , 10309 ," $2,300/month "," 3,1+ "," 2,200 ", No ," https://www.realtor.com/realestateandhomes-detail/44-Marisa-Cir_Staten-Island_NY_10309_M40690-83316
"
No , 35 Alexander Ave , Staten Island , NY , 10312 ," $3,500/month "," 4,3+ "," 2,088 ", No ," https://www.realtor.com/realestateandhomes-detail/35-Alexander-Ave_Staten-Island_NY_10312_M40215-61016
"
No , 23 Mulberry Cir , Staten Island , NY , 10314 ," $2,300/month "," 3,2 "," 1,595 ", No ," https://www.realtor.com/realestateandhomes-detail/23-Mulberry-Cir_Staten-Island_NY_10314_M40791-01557
"
No , 10 Kathy Pl , Staten Island , NY , 10314 ," $2,000/month "," 2,1+ ", 990 , No ," https://www.realtor.com/realestateandhomes-detail/10-Kathy-Pl_Staten-Island_NY_10314_M43758-31973
"
No , 517 Klondike Ave , Staten Island , NY , 10314 ," $1,900/month "," 2,1 "," 3,456 ", No ," https://www.realtor.com/realestateandhomes-detail/517-Klondike-Ave_Staten-Island_NY_10314_M46951-07586
"
No , 286 Bradford Ave Unit Upper , Staten Island , NY , 10309 ," $2,800/month "," 3,3 "," 2,553 ", No ," https://www.realtor.com/realestateandhomes-detail/286-Bradford-Ave_Staten-Island_NY_10309_M39319-25052
"
No , 435 Stewart Ave , Staten Island , NY , 10314 ," $1,350/month "," 1,1 "," 2,376 ", No ," https://www.realtor.com/realestateandhomes-detail/435-Stewart-Ave_Staten-Island_NY_10314_M34868-56677
"
No , 157 Daniel Low Ter Apt 4B , Staten Island , NY , 10301 ," $1,550/month "," 1,1 ", 650 , No ," https://www.realtor.com/realestateandhomes-detail/157-Daniel-Low-Ter-Apt-4B_Staten-Island_NY_10301_M38769-90067
"
No , 65 Hempstead Ave , Staten Island , NY , 10306 ," $1,800/month "," 2,1 ", 940 , No ," https://www.realtor.com/realestateandhomes-detail/65-Hempstead-Ave_Staten-Island_NY_10306_M34910-35538
"
No , 445 Ingram Ave , Staten Island , NY , 10314 ," $1,800/month "," 2,1 "," 1,592 ", No ," https://www.realtor.com/realestateandhomes-detail/445-Ingram-Ave_Staten-Island_NY_10314_M46484-36105
"
No , 131 Bennett Ave Unit 2FL , Staten Island , NY , 10312 ," $2,300/month "," 3,1 "," 1,100 ", No ," https://www.realtor.com/realestateandhomes-detail/131-Bennett-Ave-2FL_Staten-Island_NY_10312_M33398-98782
"
No , 196 St Mary Ave , Staten Island , NY , 10305 ," $1,900/month "," 3,1 ", 900 , No ," https://www.realtor.com/realestateandhomes-detail/196-Saint-Marys-Ave_Staten-Island_NY_10305_M49937-32882
"
No , 80 Bay Street Lndg Apt 9E , Staten Island , NY , 10301 ," $3,750/month "," 1,1+ "," 1,113 ", No ," https://www.realtor.com/realestateandhomes-detail/80-Bay-Street-Lndg-Apt-9E_Staten-Island_NY_10301_M41141-26468
"
No , 90 Bay Street Lndg Apt 9H , Staten Island , NY , 10301 ," $5,000/month "," 3,3+ "," 1,981 ", No ," https://www.realtor.com/realestateandhomes-detail/90-Bay-Street-Lndg-Apt-9H_Staten-Island_NY_10301_M41093-71100
"
No , 80 Bay Street Lndg Apt 3F , Staten Island , NY , 10301 ," $2,800/month "," 1,1+ "," 1,130 ", No ," https://www.realtor.com/realestateandhomes-detail/80-Bay-Street-Lndg-Apt-3F_Staten-Island_NY_10301_M42584-58654
"
No , 80 Bay St Lndg Unit 4B , Staten Island , NY , 10301 ," $2,400/month "," 1,1 ", 932 , No ," https://www.realtor.com/realestateandhomes-detail/80-Bay-Street-Lndg-Apt-4B_Staten-Island_NY_10301_M41032-82079
"
No , 80 Bay Street Lndg Apt 8J , Staten Island , NY , 10301 ," $2,700/month "," 2,2 "," 1,800 ", No ," https://www.realtor.com/realestateandhomes-detail/80-Bay-Street-Lndg-Apt-8J_Staten-Island_NY_10301_M49817-65439
"
No , 128 Myrtle Ave , Staten Island , NY , 10310 ," $2,500/month "," 3,2+ "," 1,800 ", No ," https://www.realtor.com/realestateandhomes-detail/128-Myrtle-Ave_Staten-Island_NY_10310_M41807-48160
"
No , 48 Westervelt Ave , Staten Island , NY , 10301 ," $2,900/month "," 3,1+ "," 1,733 ", No ," https://www.realtor.com/realestateandhomes-detail/48-Westervelt-Ave_Staten-Island_NY_10301_M44042-81023
"
No , 223 Mansion Ave , Staten Island , NY , 10308 ," $2,800/month "," 3,2 "," 1,635 ", No ," https://www.realtor.com/realestateandhomes-detail/223-Mansion-Ave_Staten-Island_NY_10308_M41991-54446
"
No , 755 Narrows Rd N Apt 305 , Staten Island , NY , 10304 ," $1,350/month "," 0,1 ", 474 , No ," https://www.realtor.com/realestateandhomes-detail/755-Narrows-Rd-N-Apt-305_Staten-Island_NY_10304_M30846-95924
"
No , 755 Narrows Road Rd N Unit 405 , Staten Island , NY , 10304 ," $1,350/month "," 0,1 ", 474 , No ," https://www.realtor.com/realestateandhomes-detail/755-Narrows-Rd-N-Apt-405_Staten-Island_NY_10304_M34062-27819
"
No , 39 Sharpe Ave Unit 2ND , Staten Island , NY , 10302 ," $2,500/month "," 3,1 ", No , No ," https://www.realtor.com/realestateandhomes-detail/39-Sharpe-Ave-2_Staten-Island_NY_10302_M40483-60393
"
No , 49 Cooper Ave , Staten Island , NY , 10305 ," $2,700/month "," 4,3 "," 2,862 ", No ," https://www.realtor.com/realestateandhomes-detail/49-Cooper-Ave_Staten-Island_NY_10305_M48440-91749
"
No , 1985 Clove Rd , Staten Island , NY , 10304 ," $2,300/month "," 2,1+ "," 1,700 ", No ," https://www.realtor.com/realestateandhomes-detail/1985-Clove-Rd_Staten-Island_NY_10304_M36359-76879
"
No , 222 Maybury Ave Unit A , Staten Island , NY , 10308 ," $2,700/month "," 3,2 "," 2,252 ", No ," https://www.realtor.com/realestateandhomes-detail/222-Maybury-Ave-A_Staten-Island_NY_10308_M32539-64222
"
No , 96 Tompkins Cir , Staten Island , NY , 10301 ," $2,850/month "," 5,3 "," 2,340 ", No ," https://www.realtor.com/realestateandhomes-detail/96-Tompkins-Cir_Staten-Island_NY_10301_M30658-89218
"
No , 447 Lincoln Ave , Staten Island , NY , 10306 ," $2,950/month "," 3,2+ "," 1,190 ", No ," https://www.realtor.com/realestateandhomes-detail/447-Lincoln-Ave_Staten-Island_NY_10306_M37841-25175
"
No , 4077 Victory Blvd Unit A , Staten Island , NY , 10314 ," $1,800/month "," 2,1+ ", 954 , No ," https://www.realtor.com/realestateandhomes-detail/4077-Victory-Blvd-A_Staten-Island_NY_10314_M37692-97974
"
No , 317 Hillman Ave , Staten Island , NY , 10314 ," $2,400/month "," 3,1+ "," 1,392 ", No ," https://www.realtor.com/realestateandhomes-detail/317-Hillman-Ave_Staten-Island_NY_10314_M33639-72982
"
No , 438 Mason Ave , Staten Island , NY , 10305 ," $2,300/month "," 3,1+ "," 1,248 ", No ," https://www.realtor.com/realestateandhomes-detail/438-Mason-Ave_Staten-Island_NY_10305_M31736-78771
"
No , 11 Father Capodanno Blvd , Staten Island , NY , 10305 ," $2,650/month "," 3,1+ ", No , No ," https://www.realtor.com/realestateandhomes-detail/11-Father-Capodanno-Blvd_Staten-Island_NY_10305_M42592-40048
"
No , 80 Bay Street Lndg Apt 8L , Staten Island , NY , 10301 ," $2,600/month "," 1,1+ "," 1,184 ", No ," https://www.realtor.com/realestateandhomes-detail/80-Bay-Street-Lndg-Apt-8L_Staten-Island_NY_10301_M32012-69877
"
No , 7 Beach St Apt 1 , Staten Island , NY , 10304 ," $2,500/month "," 3,1 ", No , No ," https://www.realtor.com/realestateandhomes-detail/7-Beach-St-Apt-1_Staten-Island_NY_10304_M42827-13310
"
No , 830 Howard Ave Apt 7C , Staten Island , NY , 10301 ," $1,800/month "," 2,2 "," 1,069 ", No ," https://www.realtor.com/realestateandhomes-detail/830-Howard-Ave-Apt-7C_Staten-Island_NY_10301_M48568-90351
"
No , 21 Redwood Loop , Brooklyn , NY , 10309 ," $2,300/month "," 3,1+ "," 1,203 ", No ," https://www.realtor.com/realestateandhomes-detail/21-Redwood-Loop_Staten-Island_NY_10309_M43361-11464
"
No , 6032 Amboy Rd , Staten Island , NY , 10309 ," $2,150/month "," 3,2 "," 1,820 ", No ," https://www.realtor.com/realestateandhomes-detail/6032-Amboy-Rd_Staten-Island_NY_10309_M39518-05469
"
No , 1286 S Railroad Ave , Staten Island , NY , 10306 ," $1,900/month "," 3,1 "," 2,146 ", No ," https://www.realtor.com/realestateandhomes-detail/1286-S-Railroad-Ave_Staten-Island_NY_10306_M41881-31645
"
No , 351 Jefferson Blvd , Staten Island , NY , 10312 ," $2,400/month "," 3,1 ", No , No ," https://www.realtor.com/realestateandhomes-detail/351-Jefferson-Blvd_Staten-Island_NY_10312_M36565-84672
"
No , 36 Hamilton Ave Apt 2K , Staten Island , NY , 10301 ," $2,000/month "," 2,1 "," 217,170 ", No ," https://www.realtor.com/realestateandhomes-detail/36-Hamilton-Ave-Apt-2K_Staten-Island_NY_10301_M49181-07504
"
No , 2136 S Rairoad Ave , Staten Island , NY , 10306 ," $2,500/month "," 3,1+ "," 1,248 ", No ," https://www.realtor.com/realestateandhomes-detail/2136-S-Rairoad-Ave_Staten-Island_NY_10306_M32142-19131
"
No , 8 Signs Rd , Staten Island , NY , 10314 ," $2,300/month "," 3,2 "," 1,300 ", No ," https://www.realtor.com/realestateandhomes-detail/8-Signs-Rd_Staten-Island_NY_10314_M47308-61183
"
No , 214 Bancroft Ave , Staten Island , NY , 10306 ," $3,000/month "," 3,1+ "," 1,500 ", No ," https://www.realtor.com/realestateandhomes-detail/214-Bancroft-Ave_Staten-Island_NY_10306_M48853-89414
"
No , 45 Clinton Ave Apt 3 , Staten Island , NY , 10301 ," $1,900/month "," 3,1 "," 1,400 ", No ," https://www.realtor.com/realestateandhomes-detail/45-Clinton-Ave-Apt-3_Staten-Island_NY_10301_M42289-66374
"
No , 44 Burgher Ave Unit 2 , Staten Island , NY , 10304 ," $1,400/month "," 1,1 "," 3,998 ", No ," https://www.realtor.com/realestateandhomes-detail/44-Burgher-Ave-2_Staten-Island_NY_10304_M49063-44336
"
No , 14 Maple Ter , Staten Island , NY , 10306 ," $1,600/month "," 2,1 ", 600 , No ," https://www.realtor.com/realestateandhomes-detail/14-Maple-Ter_Staten-Island_NY_10306_M40016-16216
"
No , 37 Pleasant Plains Ave , Staten Island , NY , 10309 ," $2,500/month "," 4,2 "," 2,344 ", No ," https://www.realtor.com/realestateandhomes-detail/37-Pleasant-Plains-Ave_Staten-Island_NY_10309_M35684-65943
"
No , 178 Dickie Ave , Staten Island , NY , 10314 ," $2,100/month "," 2,1+ "," 2,232 ", No ," https://www.realtor.com/realestateandhomes-detail/178-Dickie-Ave_Staten-Island_NY_10314_M32668-38553
"
No , 7 Lansing St , Staten Island , NY , 10305 ," $1,900/month "," 3,1+ "," 1,450 ", No ," https://www.realtor.com/realestateandhomes-detail/7-Lansing-St_Staten-Island_NY_10305_M48320-79307
"
No , 150 Kell Ave Unit 2 , Staten Island , NY , 10314 ," $2,000/month "," 3,1 "," 2,552 ", No ," https://www.realtor.com/realestateandhomes-detail/150-Kell-Ave-Unit-2_Staten-Island_NY_10314_M40062-25910
"
No , 129 Laredo Ave , Staten Island , NY , 10312 ," $1,500/month "," 2,1 "," 2,326 ", No ," https://www.realtor.com/realestateandhomes-detail/129-Laredo-Ave_Staten-Island_NY_10312_M49236-12196
"
No , 7 Echo Pl , Staten Island , NY , 10314 ," $2,450/month "," 3,1+ "," 1,472 ", No ," https://www.realtor.com/realestateandhomes-detail/7-Echo-Pl_Staten-Island_NY_10314_M48093-76338
"
No , 7 Beach St Apt 2 , Staten Island , NY , 10304 ," $2,500/month "," 3,1 "," 2,340 ", No ," https://www.realtor.com/realestateandhomes-detail/7-Beach-St-Apt-2_Staten-Island_NY_10304_M42844-64809
"
No , 21 Alter Ave , Staten Island , NY , 10304 ," $2,800/month "," 3,1+ "," 1,896 ", No ," https://www.realtor.com/realestateandhomes-detail/21-Alter-Ave_Staten-Island_NY_10304_M35023-49160
"
No , 42 Scribner Ave Apt 1 , Staten Island , NY , 10301 ," $1,500/month "," 2,1 "," 6,300 ", No ," https://www.realtor.com/realestateandhomes-detail/42-Scribner-Ave-Apt-1_Staten-Island_NY_10301_M36298-02625
"
No , 88 Linwood Ave Unit Upper , Staten Island , NY , 10305 ," $2,300/month "," 3,1 "," 2,936 ", No ," https://www.realtor.com/realestateandhomes-detail/88-Linwood-Ave_Staten-Island_NY_10305_M46571-28516
"
No , 275 Ashland Ave , Staten Island , NY , 10309 ," $2,200/month "," 3,2 "," 3,030 ", No ," https://www.realtor.com/realestateandhomes-detail/275-Ashland-Ave_Staten-Island_NY_10309_M39353-90784
"
No , 4 Allen Pl , Staten Island , NY , 10312 ," $2,500/month "," 2,2 "," 1,500 ", No ," https://www.realtor.com/realestateandhomes-detail/4-Allen-Pl_Staten-Island_NY_10312_M33272-47868
"
No , 35 Nostrand Ave , Staten Island , NY , 10314 ," $2,200/month "," 3,1+ "," 1,600 ", No ," https://www.realtor.com/realestateandhomes-detail/35-Nostrand-Ave_Staten-Island_NY_10314_M46636-15938
"
No , 73 Arlington Pl , Staten Island , NY , 10303 ," $2,000/month "," 3,2+ "," 1,532 ", No ," https://www.realtor.com/realestateandhomes-detail/73-Arlington-Pl_Staten-Island_NY_10303_M35415-60085
"
No , 25 Goodall St , Staten Island , NY , 10308 ," $2,500/month "," 3,1 "," 1,940 ", No ," https://www.realtor.com/realestateandhomes-detail/25-Goodall-St_Staten-Island_NY_10308_M45449-35284
"
No , 7 Seacrest Ave , Staten Island , NY , 10312 ," $2,500/month "," 3,1+ ", No , No ," https://www.realtor.com/realestateandhomes-detail/7-Seacrest-Ave_Staten-Island_NY_10312_M36056-27608
"
No , 116 Floyd St , Staten Island , NY , 10310 ," $2,350/month "," 4,1 "," 2,128 ", No ," https://www.realtor.com/realestateandhomes-detail/116-Floyd-St_Staten-Island_NY_10310_M31756-17823
"
No , 289 Merrymount St , Staten Island , NY , 10314 ," $2,800/month "," 3,1+ ", No , No ," https://www.realtor.com/realestateandhomes-detail/289-Merrymount-St_Staten-Island_NY_10314_M36512-75239
"
No , 162 Kell Ave Unit 1ST , Staten Island , NY , 10314 ," $1,850/month "," 1,1 "," 2,114 ", No ," https://www.realtor.com/realestateandhomes-detail/162-Kell-Ave-Unit-1ST_Staten-Island_NY_10314_M35952-60245
"
No , 306 Candon Ave , Staten Island , NY , 10309 ," $2,500/month "," 3,1+ "," 2,200 ", No ," https://www.realtor.com/realestateandhomes-detail/306-Candon-Ave_Staten-Island_NY_10309_M45672-11022
"
No , 18 Shore Acres Rd , Staten Island , NY , 10305 ," $2,700/month "," 4,1 "," 1,275 ", No ," https://www.realtor.com/realestateandhomes-detail/18-Shore-Acres-Rd_Staten-Island_NY_10305_M41166-23286
"
No , 222 Maybury Ave Unit B , Staten Island , NY , 10308 ," $2,100/month "," 2,1 "," 1,300 ", No ," https://www.realtor.com/realestateandhomes-detail/222-Maybury-Ave-B_Staten-Island_NY_10308_M32539-26956
"
No , 742 Seaview Ave , Staten Island , NY , 10305 ," $2,100/month "," 3,2 "," 2,080 ", No ," https://www.realtor.com/realestateandhomes-detail/742-Seaview-Ave_Staten-Island_NY_10305_M34186-51779
"
No , 44 Shelley Ave Unit 1ST , Staten Island , NY , 10314 ," $2,200/month "," 3,1 "," 3,624 ", No ," https://www.realtor.com/realestateandhomes-detail/44-Shelley-Ave-1_Staten-Island_NY_10314_M43060-96726
"
No , 380 Flagg Pl , Staten Island , NY , 10304 ," $2,500/month "," 2,1 ", No , No ," https://www.realtor.com/realestateandhomes-detail/380-Flagg-Pl_Staten-Island_NY_10304_M47730-02852
"
No , 29 Birch Rd , Staten Island , NY , 10303 ," $2,400/month "," 3,1 ", No , No ," https://www.realtor.com/realestateandhomes-detail/29-Birch-Rd_Staten-Island_NY_10303_M45771-58952
"
No , 352 Liberty Ave , Staten Island , NY , 10305 ," $1,800/month "," 2,1 "," 1,250 ", OK ," https://www.realtor.com/realestateandhomes-detail/352-Liberty-Ave_Staten-Island_NY_10305_M30366-99836
"
No , 60 Eric Ln , Staten Island , NY , 10308 ," $2,200/month "," 3,1+ "," 1,600 ", No ," https://www.realtor.com/realestateandhomes-detail/60-Eric-Ln_Staten-Island_NY_10308_M46333-47770
"
No , 15 Culotta Ln , Staten Island , NY , 10309 ," $1,100/month "," 1,1 "," 2,136 ", No ," https://www.realtor.com/realestateandhomes-detail/15-Culotta-Ln_Staten-Island_NY_10309_M46914-40635
"
No , 387 Van Duzer St , Staten Island , NY , 10304 ," $2,100/month "," 2,1 "," 3,375 ", No ," https://www.realtor.com/realestateandhomes-detail/387-Van-Duzer-St_Staten-Island_NY_10304_M42742-22973
"
No , 371 Doane Ave , Staten Island , NY , 10308 ," $2,475/month "," 3,1 "," 1,575 ", No ," https://www.realtor.com/realestateandhomes-detail/371-Doane-Ave_Staten-Island_NY_10308_M39847-34041
"
No , 9 Eldridge St , Staten Island , NY , 10302 ," $2,850/month "," 3,2 "," 2,200 ", No ," https://www.realtor.com/realestateandhomes-detail/9-Eldridge-Ave_Staten-Island_NY_10302_M46166-84451
"
No , 325 Major Ave Unit 1FL , Staten Island , NY , 10305 ," $2,100/month "," 2,1 "," 1,248 ", No ," https://www.realtor.com/realestateandhomes-detail/325-Major-Ave-1FL_Staten-Island_NY_10305_M38391-93658
"
No , 4 Poillon Ave , Staten Island , NY , 10312 ," $3,800/month "," 4,2+ "," 3,004 ", No ," https://www.realtor.com/realestateandhomes-detail/4-Poillon-Ave_Staten-Island_NY_10312_M40482-01793
"
No , 372 Craig Ave , Staten Island , NY , 10307 ," $2,500/month "," 3,2+ "," 1,520 ", No ," https://www.realtor.com/realestateandhomes-detail/372-Craig-Ave_Staten-Island_NY_10307_M49591-89951
"
No , 398 Adams Ave , Staten Island , NY , 10306 ," $3,000/month "," 0,No ", No , No ," https://www.realtor.com/realestateandhomes-detail/398-Adams-Ave_Staten-Island_NY_10306_M32943-08627
"
No , 41 Stafford Ave , Staten Island , NY , 10312 ," $2,500/month "," 3,2 ", No , No ," https://www.realtor.com/realestateandhomes-detail/41-Stafford-Ave_Staten-Island_NY_10312_M49517-49908
"
No , 331 Armstrong Ave Unit 2 , Staten Island , NY , 10308 ," $2,000/month "," 3,1 "," 1,200 ", No ," https://www.realtor.com/realestateandhomes-detail/331-Armstrong-Ave-2_Staten-Island_NY_10308_M40584-35495
"
No , 238 Merrill Ave , Staten Island , NY , 10314 ," $2,900/month "," 4,1 "," 2,300 ", No ," https://www.realtor.com/realestateandhomes-detail/238-Merrill-Ave_Staten-Island_NY_10314_M35070-57967
"
No , 51 Firth Rd , Staten Island , NY , 10314 ," $2,500/month "," 3,2 "," 2,227 ", No ," https://www.realtor.com/realestateandhomes-detail/51-Firth-Rd_Staten-Island_NY_10314_M32853-23683
"
No , 15 Central Ave Apt 5B , Staten Island , NY , 10301 ," $2,178/month "," 2,1 ", 814 , No ," https://www.realtor.com/realestateandhomes-detail/15-Central-Ave-Apt-5B_Staten-Island_NY_10301_M37235-71256
"
No , 467 Stobe Ave , Staten Island , NY , 10306 ," $2,800/month "," 3,3 "," 2,044 ", No ," https://www.realtor.com/realestateandhomes-detail/467-Stobe-Ave_Staten-Island_NY_10306_M40736-75251
"
No , 1606 Drumgoole Rd W , Staten Island , NY , 10312 ," $2,100/month "," 3,1 "," 1,323 ", No ," https://www.realtor.com/realestateandhomes-detail/1606-Drumgoole-Rd-W_Staten-Island_NY_10312_M46203-52898
"
No , 3956 Victory Blvd , Staten Island , NY , 10314 ," $2,100/month "," 3,1 "," 1,300 ", No ," https://www.realtor.com/realestateandhomes-detail/3956-Victory-Blvd_Staten-Island_NY_10314_M36947-61381
"
No , 31 Eagan Ave , Staten Island , NY , 10312 ," $2,700/month "," 3,2+ "," 1,825 ", No ," https://www.realtor.com/realestateandhomes-detail/31-Eagan-Ave_Staten-Island_NY_10312_M46953-09660
"
No , 310 N Burger Ave , Staten Island , NY , 10310 ," $2,150/month "," 3,1 "," 1,315 ", No ," https://www.realtor.com/realestateandhomes-detail/310-N-Burgher-Ave_Staten-Island_NY_10310_M49400-59775
"
No , 662 Correll Ave Unit B , Staten Island , NY , 10309 ," $1,700/month "," 2,1+ "," 2,496 ", No ," https://www.realtor.com/realestateandhomes-detail/662-Correll-Ave-B_Staten-Island_NY_10309_M33011-51129
"
No , 830 Howard Ave Apt 7B , Staten Island , NY , 10301 ," $1,800/month "," 1,1 "," 53,375 ", No ," https://www.realtor.com/realestateandhomes-detail/830-Howard-Ave-Apt-7B_Staten-Island_NY_10301_M40466-65666
"
No , 10 Bay St Lndg Unit 4I , Staten Island , NY , 10301 ," $2,250/month "," 1,1 "," 1,185 ", No ," https://www.realtor.com/realestateandhomes-detail/10-Bay-St-I4_Staten-Island_NY_10301_M48736-14169
"
No , 16 Rigimar Ct , Staten Island , NY , 10309 ," $1,800/month "," 2,1 ", 610 , No ," https://www.realtor.com/realestateandhomes-detail/16-Rigimar-Ct_Staten-Island_NY_10309_M48682-05596
"
No , 21 Hull Ave , Staten Island , NY , 10306 ," $1,950/month "," 3,1 "," 2,080 ", No ," https://www.realtor.com/realestateandhomes-detail/21-Hull-Ave_Staten-Island_NY_10306_M40579-09831
"
No , 114 Townsend Ave , Staten Island , NY , 10304 ," $1,800/month "," 2,1 "," 1,523 ", No ," https://www.realtor.com/realestateandhomes-detail/114-Townsend-Ave_Staten-Island_NY_10304_M39862-21530
"
No , 150 Sandalwood Dr Unit 2 , Staten Island , NY , 10308 ," $2,250/month "," 3,1+ ", No , No ," https://www.realtor.com/realestateandhomes-detail/150-Sandalwood-Dr-2_Staten-Island_NY_10308_M39462-56785
"
No , 57 Brookside Loop , Staten Island , NY , 10309 ," $2,300/month "," 3,2 "," 1,850 ", No ," https://www.realtor.com/realestateandhomes-detail/57-Brookside-Loop_Staten-Island_NY_10309_M44610-76732
"
No , 101 Dogwood Dr , Staten Island , NY , 10312 ," $1,300/month "," 1,1 ", No , No ," https://www.realtor.com/realestateandhomes-detail/101-Dogwood-Dr_Staten-Island_NY_10312_M49837-48055
"
No , 115 Downes Ave Unit Basement , Staten Island , NY , 10312 ," $1,300/month "," 1,1 "," 4,500 ", No ," https://www.realtor.com/realestateandhomes-detail/115-Downes-Ave_Staten-Island_NY_10312_M39775-93501
"
No , 5297 Arthur Kill Rd , Staten Island , NY , 10307 ," $3,300/month "," 3,1+ "," 2,192 ", No ," https://www.realtor.com/realestateandhomes-detail/5297-Arthur-Kill-Rd_Staten-Island_NY_10307_M49073-94080
"
No , 17 Monroe Ave , Staten Island , NY , 10301 ," $1,100/month "," 1,1 "," 2,100 ", No ," https://www.realtor.com/realestateandhomes-detail/17-Monroe-Ave_Staten-Island_NY_10301_M42452-67246
"
No , 451 Robinson Ave , Staten Island , NY , 10312 ," $2,400/month "," 3,2+ "," 1,800 ", No ," https://www.realtor.com/realestateandhomes-detail/451-Robinson-Ave_Staten-Island_NY_10312_M41571-34820
"
No , 3794 Richmond Ave , Staten Island , NY , 10312 ," $2,800/month "," 4,2 "," 1,093 ", No ," https://www.realtor.com/realestateandhomes-detail/3794-Richmond-Ave_Staten-Island_NY_10312_M34731-75002
"
No , 151 Glenn Rd , Staten Island , NY , 10314 ," $1,350/month "," 1,1 ", 900 , No ," https://www.realtor.com/realestateandhomes-detail/151-Glenn-Rd_Staten-Island_NY_10314_M40722-88187
"
No , 114 Stafford Ave , Staten Island , NY , 10312 ," $1,850/month "," 3,1 "," 2,220 ", No ," https://www.realtor.com/realestateandhomes-detail/114-Stafford-Ave_Staten-Island_NY_10312_M41001-37219
"
No ," 180 Fillmore St Units 1,2,3,4 ", Staten Island , NY , 10301 ," $1,700/month "," 8,4 "," 2,160 ", No ," https://www.realtor.com/realestateandhomes-detail/180-Fillmore-St_Staten-Island_NY_10301_M40572-46134
"
No , 763 Armstrong Ave Unit A , Staten Island , NY , 10308 ," $2,400/month "," 3,1 "," 1,300 ", No ," https://www.realtor.com/realestateandhomes-detail/763-Armstrong-Ave-A_Staten-Island_NY_10308_M45487-53650
"
No , 2 Nicholas St # 3 , Staten Island , NY , 10301 ," $1,999/month "," 2,1 ", 800 , No ," https://www.realtor.com/realestateandhomes-detail/2-Nicholas-St-3_Staten-Island_NY_10301_M32318-74964
"
No , 150 Daniel Low Ter Unit 2 , Staten Island , NY , 10301 ," $1,900/month "," 2,1 ", No , No ," https://www.realtor.com/realestateandhomes-detail/150-Daniel-Low-Ter-2_Staten-Island_NY_10301_M39499-92306
"
No , 29 Donna Ct Apt 8 , Staten Island , NY , 10314 ," $1,400/month "," 1,1 ", 689 , No ," https://www.realtor.com/realestateandhomes-detail/29-Donna-Ct-Apt-8_Staten-Island_NY_10314_M31564-22714
"
No , 248 Mason Blvd , Staten Island , NY , 10309 ," $1,300/month "," 1,1 "," 2,700 ", No ," https://www.realtor.com/realestateandhomes-detail/248-Mason-Blvd_Staten-Island_NY_10309_M43474-03045
"
No , 85 Crispi Ln , Staten Island , NY , 10308 ," $1,150/month "," 1,1 ", 800 , No ," https://www.realtor.com/realestateandhomes-detail/85-Crispi-Ln_Staten-Island_NY_10308_M30952-85199
"
No , 90 Bay Street Lndg Apt 4D , Staten Island , NY , 10301 ," $3,600/month "," 2,4 "," 1,800 ", No ," https://www.realtor.com/realestateandhomes-detail/90-Bay-Street-Lndg-Apt-4D_Staten-Island_NY_10301_M41073-21473
"
No , 239 Foch Ave Unit 2 , Staten Island , NY , 10305 ," $2,200/month "," 3,1 ", 750 , No ," https://www.realtor.com/realestateandhomes-detail/239-Foch-Ave-2_Staten-Island_NY_10305_M31848-87686
"
No , 47 Seneca St , Staten Island , NY , 10310 ," $1,575/month "," 2,1 "," 2,300 ", No ," https://www.realtor.com/realestateandhomes-detail/47-Seneca-St_Staten-Island_NY_10310_M49225-07516
"
No , 25 Reading Ave Unit 2ND , Staten Island , NY , 10312 ," $2,600/month "," 4,2+ "," 2,160 ", No ," https://www.realtor.com/realestateandhomes-detail/25-Reading-Ave-2_Staten-Island_NY_10312_M48920-34214
"
No , 36 Longdale St , Staten Island , NY , 10314 ," $2,700/month "," 4,2+ "," 2,300 ", OK ," https://www.realtor.com/realestateandhomes-detail/36-Longdale-St_Staten-Island_NY_10314_M38121-63685
"
No , 6306 Amboy Rd , Staten Island , NY , 10309 ," $1,650/month "," 2,1 "," 5,000 ", No ," https://www.realtor.com/realestateandhomes-detail/6306-Amboy-Rd_Staten-Island_NY_10309_M38740-58194
"
No , 20 Galesville Ct , Staten Island , NY , 10305 ," $2,600/month "," 4,2 ", 864 , No ," https://www.realtor.com/realestateandhomes-detail/20-Galesville-Ct_Staten-Island_NY_10305_M34796-80798
"
No , 466 Ridgewood Ave , Staten Island , NY , 10312 ," $2,600/month "," 3,2+ "," 1,512 ", No ," https://www.realtor.com/realestateandhomes-detail/466-Ridgewood-Ave_Staten-Island_NY_10312_M42829-88603
"
No , 10 Eadie Pl , Staten Island , NY , 10301 ," $1,900/month "," 2,1 ", 704 , No ," https://www.realtor.com/realestateandhomes-detail/10-Eadie-Pl_Staten-Island_NY_10301_M43580-69328
"
No , 53 Satterlee St , Staten Island , NY , 10307 ," $2,500/month "," 3,2 "," 1,852 ", No ," https://www.realtor.com/realestateandhomes-detail/53-Satterlee-St_Staten-Island_NY_10307_M39224-79098
"
No , 343 Castleton Ave , Staten Island , NY , 10301 ," $2,580/month "," 3,1+ "," 1,218 ", No ," https://www.realtor.com/realestateandhomes-detail/343-Castleton-Ave_Staten-Island_NY_10301_M32616-19395
"
No , 47 Jaffe St , Staten Island , NY , 10314 ," $1,525/month "," 2,1 "," 2,700 ", No ," https://www.realtor.com/realestateandhomes-detail/47-Jaffe-St_Staten-Island_NY_10314_M48249-16236
"
No , 15 Penn Ave , Staten Island , NY , 10306 ," $1,800/month "," 3,1 ", No , No ," https://www.realtor.com/realestateandhomes-detail/15-Penn-Ave_Staten-Island_NY_10306_M36240-11090
"
No , 763 Armstrong Ave Unit B , Staten Island , NY , 10308 ," $2,000/month "," 3,1 "," 1,300 ", No ," https://www.realtor.com/realestateandhomes-detail/763-Armstrong-Ave-B_Staten-Island_NY_10308_M45542-31743
"
No , 120 Giegerich Ave Unit 1F , Staten Island , NY , 10307 ," $1,100/month "," 1,1 "," 1,400 ", No ," https://www.realtor.com/realestateandhomes-detail/120-Giegerich-Ave-F1_Staten-Island_NY_10307_M39577-42919
"
No , 647 Yetman Ave , Staten Island , NY , 10307 ," $2,000/month "," 3,2 ", No , No ," https://www.realtor.com/realestateandhomes-detail/647-Yetman-Ave_Staten-Island_NY_10307_M47453-48374
"
No , 247 Sand Ln , Staten Island , NY , 10305 ," $1,650/month "," 1,1 "," 1,292 ", No ," https://www.realtor.com/realestateandhomes-detail/247-Sand-Ln_Staten-Island_NY_10305_M42048-69038
"
No , 427 Van Duzer St , Staten Island , NY , 10304 ," $2,500/month "," 4,2 "," 1,740 ", No ," https://www.realtor.com/realestateandhomes-detail/427-Van-Duzer-St_Staten-Island_NY_10304_M44745-40622
"
No , 135 Redgrave Ave , Staten Island , NY , 10306 ," $2,700/month "," 3,2 "," 1,176 ", No ," https://www.realtor.com/realestateandhomes-detail/135-Redgrave-Ave_Staten-Island_NY_10306_M38033-25359
"
No , 851 Van Duzer St , Staten Island , NY , 10304 ," $1,750/month "," 2,1 "," 1,073 ", No ," https://www.realtor.com/realestateandhomes-detail/851-Van-Duzer-St_Staten-Island_NY_10304_M35228-42279
"
No , 145 Lincoln Ave , Staten Island , NY , 10306 ," $1,495/month "," 1,1 ", No , No ," https://www.realtor.com/realestateandhomes-detail/145-Lincoln-Ave_Staten-Island_NY_10306_M30590-62703
"
No , 573 Armstrong Ave , Staten Island , NY , 10308 ," $2,500/month "," 3,1+ "," 1,232 ", No ," https://www.realtor.com/realestateandhomes-detail/573-Armstrong-Ave_Staten-Island_NY_10308_M41386-79649
"
No , 16 Meadow Ln , Staten Island , NY , 10306 ," $1,100/month "," 1,1 "," 2,142 ", No ," https://www.realtor.com/realestateandhomes-detail/16-Meadow-Ln_Staten-Island_NY_10306_M35151-65495
"
No , 88 Renee Pl Unit 1F , Staten Island , NY , 10314 ," $1,500/month "," 2,1 ", 850 , No ," https://www.realtor.com/realestateandhomes-detail/88-Renee-Pl-F1_Staten-Island_NY_10314_M36279-62072
"
No , 181 Mosely Ave , Staten Island , NY , 10312 ," $1,300/month "," 1,1 "," 2,008 ", No ," https://www.realtor.com/realestateandhomes-detail/181-Mosely-Ave_Staten-Island_NY_10312_M48277-17479
"
No , 923 Manor Rd , Staten Island , NY , 10314 ," $3,500/month "," 0,No ", 950 , No ," https://www.realtor.com/realestateandhomes-detail/923-Manor-Rd_Staten-Island_NY_10314_M36408-18822
"
No , 83 John St , Staten Island , NY , 10302 ," $1,800/month "," 2,1 ", No , No ," https://www.realtor.com/realestateandhomes-detail/83-John-St_Staten-Island_NY_10302_M33341-18100
"
No , 3 Marisa Ct , Staten Island , NY , 10314 ," $2,200/month "," 3,2+ "," 2,100 ", No ," https://www.realtor.com/realestateandhomes-detail/3-Marisa-Ct_Staten-Island_NY_10314_M38920-96319
"
No , 10 Bay St Lndg Unit 8I , Staten Island , NY , 10301 ," $3,000/month "," 2,2 "," 1,200 ", No ," https://www.realtor.com/realestateandhomes-detail/10-Bay-Street-Lndg-Apt-8I_Staten-Island_NY_10301_M34960-13519
"
No , 1000 Targee St Apt 4A , Staten Island , NY , 10304 ," $1,650/month "," 2,1 ", 420 , No ," https://www.realtor.com/realestateandhomes-detail/1000-Targee-St-Apt-4A_Staten-Island_NY_10304_M40438-19206
"
No , 1000 Targee St Apt 3E , Staten Island , NY , 10304 ," $1,625/month "," 1,1 ", 400 , No ," https://www.realtor.com/realestateandhomes-detail/1000-Targee-St-Apt-3E_Staten-Island_NY_10304_M40438-93738
"
No , 61 Memphis Ave , Staten Island , NY , 10312 ," $2,200/month "," 3,2 "," 1,377 ", No ," https://www.realtor.com/realestateandhomes-detail/61-Memphis-Ave_Staten-Island_NY_10312_M43406-39016
"
No , 12 Bangor St , Staten Island , NY , 10314 ," $1,700/month "," 2,1 "," 2,968 ", No ," https://www.realtor.com/realestateandhomes-detail/12-Bangor-St_Staten-Island_NY_10314_M32025-18759
"
No , 85 Kennington St , Staten Island , NY , 10308 ," $2,800/month "," 3,3+ "," 1,800 ", No ," https://www.realtor.com/realestateandhomes-detail/85-Kennington-St_Staten-Island_NY_10308_M33138-99140
"
No , 90 Latourette St , Staten Island , NY , 10309 ," $1,150/month "," 1,1 ", 700 , No ," https://www.realtor.com/realestateandhomes-detail/90-Latourette-St_Staten-Island_NY_10309_M45711-41465
"
No , 1426 Castleton Ave , Staten Island , NY , 10302 ," $2,200/month "," 3,1 "," 1,260 ", No ," https://www.realtor.com/realestateandhomes-detail/1426-Castleton-Ave_Staten-Island_NY_10302_M39832-29675
"
No , 515 Jewett Ave Unit 2 , Staten Island , NY , 10302 ," $2,200/month "," 3,1 ", No , No ," https://www.realtor.com/realestateandhomes-detail/515-Jewett-Ave-2_Staten-Island_NY_10302_M44413-34830
"
No , 41 Richard Ln , Staten Island , NY , 10314 ," $2,000/month "," 3,1 "," 2,827 ", No ," https://www.realtor.com/realestateandhomes-detail/41-Richard-Ln_Staten-Island_NY_10314_M35894-99678
"
No , 136 Laredo Ave , Staten Island , NY , 10312 ," $1,550/month "," 1,1 "," 2,220 ", No ," https://www.realtor.com/realestateandhomes-detail/136-Laredo-Ave_Staten-Island_NY_10312_M35692-81941
"
No , 2375 Richmond Rd Apt 2C , Staten Island , NY , 10306 ," $1,100/month "," 0,1 "," 14,400 ", No ," https://www.realtor.com/realestateandhomes-detail/2375-Richmond-Rd-Apt-2C_Staten-Island_NY_10306_M43218-22954
"
No , 345 Jefferson Ave , Staten Island , NY , 10306 ," $1,600/month "," 2,1 "," 2,200 ", No ," https://www.realtor.com/realestateandhomes-detail/345-Jefferson-Ave_Staten-Island_NY_10306_M36157-57646
"
No , 27 Redgrave Ave , Staten Island , NY , 10306 ," $1,700/month "," 2,1 "," 1,000 ", No ," https://www.realtor.com/realestateandhomes-detail/27-Redgrave-Ave_Staten-Island_NY_10306_M38928-45946
"
No , 78 Lander Ave , Staten Island , NY , 10314 ," $2,600/month "," 3,2 "," 1,241 ", No ," https://www.realtor.com/realestateandhomes-detail/78-Lander-Ave_Staten-Island_NY_10314_M38914-69552
"
No , 119 Ridgewood Ave , Staten Island , NY , 10312 ," $1,200/month "," 1,1 "," 1,512 ", No ," https://www.realtor.com/realestateandhomes-detail/119-Ridgewood-Ave_Staten-Island_NY_10312_M42743-27680
"
No , 11 Geyser Dr , Staten Island , NY , 10312 ," $2,500/month "," 3,1 "," 1,890 ", No ," https://www.realtor.com/realestateandhomes-detail/11-Geyser-Dr_Staten-Island_NY_10312_M31681-77230
"
No , 290 Candon Ave , Staten Island , NY , 10309 ," $1,200/month "," 1,1 "," 1,600 ", No ," https://www.realtor.com/realestateandhomes-detail/290-Candon-Ave_Staten-Island_NY_10309_M32764-73985
"
No , 290 Stanley Ave Unit 2 , New York , NY , 10301 ," $1,750/month "," 2,1 ", No , No ," https://www.realtor.com/realestateandhomes-detail/290-Stanley-Ave-2_Staten-Island_NY_10301_M42743-51218
"
No , 4 Walters Ave , Staten Island , NY , 10301 ," $1,750/month "," 2,1 ", No , No ," https://www.realtor.com/realestateandhomes-detail/4-Walters-Ave_Staten-Island_NY_10301_M35786-31321
"
No , 209 Weed Ave , Staten Island , NY , 10306 ," $1,700/month "," 2,1 "," 1,000 ", No ," https://www.realtor.com/realestateandhomes-detail/209-Weed-Ave_Staten-Island_NY_10306_M38677-56951
"
No , 41 Brookside Loop , Staten Island , NY , 10309 ," $1,350/month "," 1,1 ", No , No ," https://www.realtor.com/realestateandhomes-detail/41-Brookside-Loop_Staten-Island_NY_10309_M47480-16480
"
No , 132 Mallow St , Staten Island , NY , 10309 ," $1,100/month "," 1,1 ", 400 , No ," https://www.realtor.com/realestateandhomes-detail/132-Mallow-St_Staten-Island_NY_10309_M45152-03359
"
No , 103 N Burgher Ave , Staten Island , NY , 10310 ," $1,850/month "," 2,1 "," 1,800 ", OK ," https://www.realtor.com/realestateandhomes-detail/103-N-Burgher-Ave_Staten-Island_NY_10310_M30299-68149
"
No , 117 Armstrong Ave Unit 1 , Staten Island , NY , 10308 ," $1,700/month "," 2,1 "," 1,480 ", OK ," https://www.realtor.com/realestateandhomes-detail/117-Armstrong-Ave-1_Staten-Island_NY_10308_M41829-52382
"
No , 192 Nome Ave , Staten Island , NY , 10314 ," $2,400/month "," 3,2 ", No , OK ," https://www.realtor.com/realestateandhomes-detail/192-Nome-Ave_Staten-Island_NY_10314_M48543-44958
"
No , 3522 Amboy Rd Unit D2 , Staten Island , NY , 10306 ," $1,850/month "," 2,1 "," 1,575 ", No ," https://www.realtor.com/realestateandhomes-detail/3522-Amboy-Rd-2D_Staten-Island_NY_10306_M35994-71296
"
No , 49 Speedwell Ave , Staten Island , NY , 10314 ," $3,000/month "," 3,3 "," 2,500 ", No ," https://www.realtor.com/realestateandhomes-detail/49-Speedwell-Ave_Staten-Island_NY_10314_M42573-07294
"
No , 372 Jefferson Ave , Staten Island , NY , 10306 ," $2,200/month "," 3,1+ "," 40,120 ", No ," https://www.realtor.com/realestateandhomes-detail/372-Jefferson-Ave_Staten-Island_NY_10306_M36388-25265
"
No , 109 Gibson Ave , Staten Island , NY , 10308 ," $1,800/month "," 2,1 "," 2,156 ", No ," https://www.realtor.com/realestateandhomes-detail/109-Gibson-Ave_Staten-Island_NY_10308_M31847-47979
"
No , 38 Notre Dame Ave , Staten Island , NY , 10308 ," $1,200/month "," 1,1 "," 2,700 ", No ," https://www.realtor.com/realestateandhomes-detail/38-Notre-Dame-Ave_Staten-Island_NY_10308_M37023-10687
"
No , 159 Mosel Ave , Staten Island , NY , 10304 ," $1,950/month "," 2,1+ ", 975 , No ," https://www.realtor.com/realestateandhomes-detail/159-Mosel-Ave_Staten-Island_NY_10304_M39454-54515
"
No , 51 Durant Ave , Staten Island , NY , 10306 ," $1,750/month "," 2,1 ", No , No ," https://www.realtor.com/realestateandhomes-detail/51-Durant-Ave_Staten-Island_NY_10306_M38815-64242
"
No , 70 Andros Ave , Staten Island , NY , 10303 ," $1,300/month "," 1,1 ", 800+ , No ," https://www.realtor.com/realestateandhomes-detail/70-Andros-Ave_Staten-Island_NY_10303_M30975-89237
"
No , 224 Bay St , Staten Island , NY , 10301 ," $1,900/month "," 2,1 ", No , No ," https://www.realtor.com/realestateandhomes-detail/224-Bay-St_Staten-Island_NY_10301_M40668-68971
"
No , 35 Woodrose Ln , Staten Island , NY , 10309 ," $1,100/month "," 1,1 ", 350 , No ," https://www.realtor.com/realestateandhomes-detail/35-Woodrose-Ln_Staten-Island_NY_10309_M36944-10094
"
No , 176 Bathgate St , Staten Island , NY , 10312 ," $2,750/month "," 3,2+ "," 1,492 ", No ," https://www.realtor.com/realestateandhomes-detail/176-Bathgate-St_Staten-Island_NY_10312_M35494-69758
"
No , 314 Lake Ave Unit 2NDFL , Staten Island , NY , 10303 ," $2,400/month "," 3,1 ", No , No ," https://www.realtor.com/realestateandhomes-detail/314-Lake-Ave-2_Staten-Island_NY_10303_M33802-54649
"
No , 110 Norwalk Ave , Staten Island , NY , 10314 ," $1,500/month "," 1,1 "," 2,752 ", No ," https://www.realtor.com/realestateandhomes-detail/110-Norwalk-Ave_Staten-Island_NY_10314_M31446-01186
"
No , 144 Willow Rd W , Staten Island , NY , 10303 , $700/month ," 0,No ", No , No ," https://www.realtor.com/realestateandhomes-detail/144-Willow-Rd-W_Staten-Island_NY_10303_M40425-60267
"
No , 620 Marcy Ave , Staten Island , NY , 10309 ," $1,200/month "," 1,1 ", No , No ," https://www.realtor.com/realestateandhomes-detail/620-Marcy-Ave_Staten-Island_NY_10309_M39042-34100
"
No , 469 Father Capodanno Blvd , Staten Island , NY , 10305 ," $2,300/month "," 3,1+ "," 2,400 ", No ," https://www.realtor.com/realestateandhomes-detail/469-Father-Capodanno-Blvd_Staten-Island_NY_10305_M43323-39533
"
No , 835 Ionia Ave , Staten Island , NY , 10309 ," $1,550/month "," 2,1 "," 3,504 ", No ," https://www.realtor.com/realestateandhomes-detail/835-Ionia-Ave_Staten-Island_NY_10309_M42251-13891
"
No , 95 South Ave , Staten Island , NY , 10303 ," $2,250/month "," 3,1 "," 3,264 ", No ," https://www.realtor.com/realestateandhomes-detail/95-South-Ave_Staten-Island_NY_10303_M43879-10757
"
No , 24 Littlefield Ave , Staten Island , NY , 10312 ," $2,600/month "," 2,1 "," 1,600 ", No ," https://www.realtor.com/realestateandhomes-detail/24-Littlefield-Ave_Staten-Island_NY_10312_M41563-43706
"
No , 146 Westervelt Ave , Staten Island , NY , 10301 ," $2,800/month "," 3,2 "," 1,552 ", No ," https://www.realtor.com/realestateandhomes-detail/146-Westervelt-Ave_Staten-Island_NY_10301_M40579-18758
"
No , 56 Millennium Loop , Staten Island , NY , 10309 ," $1,150/month "," 1,1 ", No , No ," https://www.realtor.com/realestateandhomes-detail/56-Millennium-Loop_Staten-Island_NY_10309_M35041-93197
"
No , 473 Saint Marks Pl , Staten Island , NY , 10301 ," $1,450/month "," 0,1 ", No , No ," https://www.realtor.com/realestateandhomes-detail/473-Saint-Marks-Pl-2_Staten-Island_NY_10301_M32832-91296
"
No , 16 E Brandis Ave , Staten Island , NY , 10308 ," $649,000/month "," 0,No ", No , No ," https://www.realtor.com/realestateandhomes-detail/16-E-Brandis-Ave_Staten-Island_NY_10308_M49290-53023
"
No , 67 Crispi Ln , Staten Island , NY , 10308 ," $2,800/month "," 3,2+ "," 2,492 ", No ," https://www.realtor.com/realestateandhomes-detail/67-Crispi-Ln_Staten-Island_NY_10308_M33631-85688
"
No , 35 E Augusta Ave , Staten Island , NY , 10308 ," $2,100/month "," 3,1 "," 2,496 ", No ," https://www.realtor.com/realestateandhomes-detail/35-E-Augusta-Ave_Staten-Island_NY_10308_M38917-94706
"
No , 35 Imperial Ct , Staten Island , NY , 10304 ," $2,450/month "," 3,1+ "," 1,288 ", No ," https://www.realtor.com/realestateandhomes-detail/35-Imperial-Ct_Staten-Island_NY_10304_M33724-54238
"
No , 492 Van Duzer St , Staten Island , NY , 10304 ," $2,600/month "," 5,2 "," 2,280 ", No ," https://www.realtor.com/realestateandhomes-detail/492-Van-Duzer-St_Staten-Island_NY_10304_M32696-90147
"
No , 50 Caroline St , Staten Island , NY , 10310 ," $2,000/month "," 3,1 "," 2,016 ", No ," https://www.realtor.com/realestateandhomes-detail/50-Caroline-St_Staten-Island_NY_10310_M30551-37031
"
No , 458 Jefferson Ave # 2 , Staten Island , NY , 10306 ," $2,500/month "," 3,2 ", No , No ," https://www.realtor.com/realestateandhomes-detail/458-Jefferson-Ave-2_Staten-Island_NY_10306_M38098-74104
"
No , 20 Andros Ave , Staten Island , NY , 10303 ," $1,900/month "," 3,1 "," 2,736 ", No ," https://www.realtor.com/realestateandhomes-detail/20-Andros-Ave_Staten-Island_NY_10303_M34468-43051
"
No , 139 Suffolk Ave Unit 1 , Staten Island , NY , 10314 ," $1,400/month "," 2,1 ", 800 , No ," https://www.realtor.com/realestateandhomes-detail/139-Suffolk-Ave-1_Staten-Island_NY_10314_M44003-42294
"
No , 22 Van Riper St , State , NY , 10302 ," $2,300/month "," 3,1 ", No , No ," https://www.realtor.com/realestateandhomes-detail/22-Van-Riper-St_Staten-Island_NY_10302_M33091-47993
"
No , 298 Weed Ave # 2 , Staten Island , NY , 10306 ," $2,150/month "," 2,1 ", 950 , No ," https://www.realtor.com/realestateandhomes-detail/298-Weed-Ave-2_Staten-Island_NY_10306_M33441-09314
"
